Workbook
Name SupplierList: 'বকেয়া'!$A$10:$A$109

Sheet নির্দেশনা
A1: দপ্তর হিসাব — স্ট্যান্ডার্ড Excel টেমপ্লেট
A3: এই ফাইল কী | B3: দৈনন্দিন সব লেনদেন এখানে রাখুন। দিনশেষে অ্যাপে আপলোড করলে অ্যাপ লেটেস্ট দেখাবে।
A4: শীট | B4: ব্যয় · আয় · করজ · পরিশোধ · বকেয়া · ড্যাশবোর্ড। বকেয়া/ড্যাশবোর্ড শুধু লাইভ দেখা — অ্যাপ সেগুলো পড়ে না।
A5: ব্যয় | B5: মাতবাখ/মাদরাসা/তামিরাত/সাধারণ। বাকি কেনাকাটায় পরিশোধ=বাকি + সরবরাহকারী নাম।
A6: মোট টাকা | B6: পরিমাণ × একক মূল্য হলে মোট অটো। বিল হলে শুধু মোট লিখুন।
A7: বকেয়া | B7: এই শীটের «সরবরাহকারী» কলামে নাম লিখুন — ব্যয় ও পরিশোধ শীটের ড্রপডাউনে অটো আসবে। অবশিষ্ট = বাকি কেনা − পরিশোধ।
A8: পরিশোধ | B8: বকেয়া মেটানোর এন্ট্রি; সরবরাহকারী ড্রপডাউন থেকে বেছে নিন।
A9: আয় / করজ | B9: নিয়মিত আয় আলাদা; করজে দেওয়া/আদায় করজ শীটে।
A10: তারিখ | B10: ঘরটি আসল Excel Date; দেখা যাবে হিজরী সন-মাস-দিন। Date Filter/Sort কাজ করবে। নতুন তারিখ Excel date picker বা স্বীকৃত date entry দিয়ে দিন।
A11: অ্যাপে | B11: হিসাব → এক্সেল ↧ → এই ফাইল আপলোড। একই সারি বারবার আপলোড করবেন না।

Sheet ব্যয়
A1: হিসাব বই * | B1: তারিখ * | C1: খাত | D1: বিবরণ | E1: পরিমাণ | F1: মাপ | G1: একক মূল্য | H1: মোট টাকা (অটো) | I1: সরবরাহকারী | J1: রশিদ নং | K1: পরিশোধ | L1: হিজরী বছর (অটো) | M1: হিজরী মাস নং (অটো) | O1: মোট টাকা = পরিমাণ × একক মূল্য (অটো)। বিল হলে পরিমাণ/মূল্য খালি রেখে মোট ঘরে সরাসরি টাকা লিখুন।
A2: মাতবাখ | B2: 46102 | C2: কাঁচামাল | D2: চাল | E2: 50 | F2: কেজি | G2: 70 | H2: =IF(AND(E2<>"",G2<>""),E2*G2,"") | I2: রহিম স্টোর | J2: ১০১ | K2: নগদ | L2: =IF(B2="","",IFERROR(VALUE(TEXT(B2,"[$-1170401]yyyy")),"")) | M2: =IF(B2="","",IFERROR(VALUE(TEXT(B2,"[$-1170401]mm")),""))
A3: মাতবাখ | B3: 46103 | C3: কাঁচামাল | D3: ডাল | E3: 20 | F3: কেজি | G3: 120 | H3: =IF(AND(E3<>"",G3<>""),E3*G3,"") | I3: রহিম স্টোর | K3: নগদ | L3: =IF(B3="","",IFERROR(VALUE(TEXT(B3,"[$-1170401]yyyy")),"")) | M3: =IF(B3="","",IFERROR(VALUE(TEXT(B3,"[$-1170401]mm")),""))
A4: মাদরাসা | B4: 46104 | C4: স্টেশনারি | D4: খাতা ও কলম | E4: 10 | F4: প্যাকেট | G4: 80 | H4: =IF(AND(E4<>"",G4<>""),E4*G4,"") | I4: বইঘর | K4: নগদ | L4: =IF(B4="","",IFERROR(VALUE(TEXT(B4,"[$-1170401]yyyy")),"")) | M4: =IF(B4="","",IFERROR(VALUE(TEXT(B4,"[$-1170401]mm")),""))
A5: তামিরাত | B5: 46090 | C5: মেরামত | D5: ছাদের প্লাস্টার | E5: 1 | F5: পিস | G5: 15000 | H5: =IF(AND(E5<>"",G5<>""),E5*G5,"") | I5: রাজমিস্ত্রি করিম | K5: বাকি | L5: =IF(B5="","",IFERROR(VALUE(TEXT(B5,"[$-1170401]yyyy")),"")) | M5: =IF(B5="","",IFERROR(VALUE(TEXT(B5,"[$-1170401]mm")),""))
A6: সাধারণ | B6: 46106 | C6: পরিবহন | D6: বাজার আনা-নেওয়া | H6: 500 | K6: নগদ | L6: =IF(B6="","",IFERROR(VALUE(TEXT(B6,"[$-1170401]yyyy")),"")) | M6: =IF(B6="","",IFERROR(VALUE(TEXT(B6,"[$-1170401]mm")),""))
A7: মাদরাসা | B7: 46213 | C7: বিদ্যুৎ | D7: বিদ্যুৎ বিল | H7: 4500 | I7: পল্লী বিদ্যুৎ | J7: বিল-৮৮ | K7: নগদ | L7: =IF(B7="","",IFERROR(VALUE(TEXT(B7,"[$-1170401]yyyy")),"")) | M7: =IF(B7="","",IFERROR(VALUE(TEXT(B7,"[$-1170401]mm")),""))
H8: =IF(AND(E8<>"",G8<>""),E8*G8,"") | L8: =IF(B8="","",IFERROR(VALUE(TEXT(B8,"[$-1170401]yyyy")),"")) | M8: =IF(B8="","",IFERROR(VALUE(TEXT(B8,"[$-1170401]mm")),""))
H9: =IF(AND(E9<>"",G9<>""),E9*G9,"") | L9: =IF(B9="","",IFERROR(VALUE(TEXT(B9,"[$-1170401]yyyy")),"")) | M9: =IF(B9="","",IFERROR(VALUE(TEXT(B9,"[$-1170401]mm")),""))
H10: =IF(AND(E10<>"",G10<>""),E10*G10,"") | L10: =IF(B10="","",IFERROR(VALUE(TEXT(B10,"[$-1170401]yyyy")),"")) | M10: =IF(B10="","",IFERROR(VALUE(TEXT(B10,"[$-1170401]mm")),""))
H11: =IF(AND(E11<>"",G11<>""),E11*G11,"") | L11: =IF(B11="","",IFERROR(VALUE(TEXT(B11,"[$-1170401]yyyy")),"")) | M11: =IF(B11="","",IFERROR(VALUE(TEXT(B11,"[$-1170401]mm")),""))
H12: =IF(AND(E12<>"",G12<>""),E12*G12,"") | L12: =IF(B12="","",IFERROR(VALUE(TEXT(B12,"[$-1170401]yyyy")),"")) | M12: =IF(B12="","",IFERROR(VALUE(TEXT(B12,"[$-1170401]mm")),""))
H13: =IF(AND(E13<>"",G13<>""),E13*G13,"") | L13: =IF(B13="","",IFERROR(VALUE(TEXT(B13,"[$-1170401]yyyy")),"")) | M13: =IF(B13="","",IFERROR(VALUE(TEXT(B13,"[$-1170401]mm")),""))
H14: =IF(AND(E14<>"",G14<>""),E14*G14,"") | L14: =IF(B14="","",IFERROR(VALUE(TEXT(B14,"[$-1170401]yyyy")),"")) | M14: =IF(B14="","",IFERROR(VALUE(TEXT(B14,"[$-1170401]mm")),""))
H15: =IF(AND(E15<>"",G15<>""),E15*G15,"") | L15: =IF(B15="","",IFERROR(VALUE(TEXT(B15,"[$-1170401]yyyy")),"")) | M15: =IF(B15="","",IFERROR(VALUE(TEXT(B15,"[$-1170401]mm")),""))
H16: =IF(AND(E16<>"",G16<>""),E16*G16,"") | L16: =IF(B16="","",IFERROR(VALUE(TEXT(B16,"[$-1170401]yyyy")),"")) | M16: =IF(B16="","",IFERROR(VALUE(TEXT(B16,"[$-1170401]mm")),""))
H17: =IF(AND(E17<>"",G17<>""),E17*G17,"") | L17: =IF(B17="","",IFERROR(VALUE(TEXT(B17,"[$-1170401]yyyy")),"")) | M17: =IF(B17="","",IFERROR(VALUE(TEXT(B17,"[$-1170401]mm")),""))
H18: =IF(AND(E18<>"",G18<>""),E18*G18,"") | L18: =IF(B18="","",IFERROR(VALUE(TEXT(B18,"[$-1170401]yyyy")),"")) | M18: =IF(B18="","",IFERROR(VALUE(TEXT(B18,"[$-1170401]mm")),""))
H19: =IF(AND(E19<>"",G19<>""),E19*G19,"") | L19: =IF(B19="","",IFERROR(VALUE(TEXT(B19,"[$-1170401]yyyy")),"")) | M19: =IF(B19="","",IFERROR(VALUE(TEXT(B19,"[$-1170401]mm")),""))
... H500: =IF(AND(E500<>"",G500<>""),E500*G500,"") | L500: =IF(B500="","",IFERROR(VALUE(TEXT(B500,"[$-1170401]yyyy")),"")) | M500: =IF(B500="","",IFERROR(VALUE(TEXT(B500,"[$-1170401]mm")),""))
L501: =IF(B501="","",IFERROR(VALUE(TEXT(B501,"[$-1170401]yyyy")),"")) | M501: =IF(B501="","",IFERROR(VALUE(TEXT(B501,"[$-1170401]mm")),""))
L502: =IF(B502="","",IFERROR(VALUE(TEXT(B502,"[$-1170401]yyyy")),"")) | M502: =IF(B502="","",IFERROR(VALUE(TEXT(B502,"[$-1170401]mm")),""))
L503: =IF(B503="","",IFERROR(VALUE(TEXT(B503,"[$-1170401]yyyy")),"")) | M503: =IF(B503="","",IFERROR(VALUE(TEXT(B503,"[$-1170401]mm")),""))
L504: =IF(B504="","",IFERROR(VALUE(TEXT(B504,"[$-1170401]yyyy")),"")) | M504: =IF(B504="","",IFERROR(VALUE(TEXT(B504,"[$-1170401]mm")),""))
L505: =IF(B505="","",IFERROR(VALUE(TEXT(B505,"[$-1170401]yyyy")),"")) | M505: =IF(B505="","",IFERROR(VALUE(TEXT(B505,"[$-1170401]mm")),""))
L506: =IF(B506="","",IFERROR(VALUE(TEXT(B506,"[$-1170401]yyyy")),"")) | M506: =IF(B506="","",IFERROR(VALUE(TEXT(B506,"[$-1170401]mm")),""))
L507: =IF(B507="","",IFERROR(VALUE(TEXT(B507,"[$-1170401]yyyy")),"")) | M507: =IF(B507="","",IFERROR(VALUE(TEXT(B507,"[$-1170401]mm")),""))
L508: =IF(B508="","",IFERROR(VALUE(TEXT(B508,"[$-1170401]yyyy")),"")) | M508: =IF(B508="","",IFERROR(VALUE(TEXT(B508,"[$-1170401]mm")),""))
L509: =IF(B509="","",IFERROR(VALUE(TEXT(B509,"[$-1170401]yyyy")),"")) | M509: =IF(B509="","",IFERROR(VALUE(TEXT(B509,"[$-1170401]mm")),""))
L510: =IF(B510="","",IFERROR(VALUE(TEXT(B510,"[$-1170401]yyyy")),"")) | M510: =IF(B510="","",IFERROR(VALUE(TEXT(B510,"[$-1170401]mm")),""))
L511: =IF(B511="","",IFERROR(VALUE(TEXT(B511,"[$-1170401]yyyy")),"")) | M511: =IF(B511="","",IFERROR(VALUE(TEXT(B511,"[$-1170401]mm")),""))
L512: =IF(B512="","",IFERROR(VALUE(TEXT(B512,"[$-1170401]yyyy")),"")) | M512: =IF(B512="","",IFERROR(VALUE(TEXT(B512,"[$-1170401]mm")),""))
... L5000: =IF(B5000="","",IFERROR(VALUE(TEXT(B5000,"[$-1170401]yyyy")),"")) | M5000: =IF(B5000="","",IFERROR(VALUE(TEXT(B5000,"[$-1170401]mm")),""))

Sheet আয়
A1: তারিখ * | B1: টাকা * | C1: উৎস / বিবরণ
A2: 46101 | B2: 50000 | C2: বিকাশ অনুদান
A3: 46105 | B3: 12000 | C3: ওয়াযিফা আদায় — শাওয়াল
A4: 46213 | B4: 3000 | C4: নগদ দান

Sheet করজ
A1: ধরন * | B1: তারিখ * | C1: টাকা * | D1: খাত * | E1: বিবরণ
A2: দেওয়া | B2: 46056 | C2: 20000 | D2: করিম ভাই | E2: করজে হাসানা
A3: দেওয়া | B3: 46071 | C3: 10000 | D3: মাদরাসা ফান্ড | E3: জরুরি করজ
A4: আদায় | B4: 46107 | C4: 5000 | D4: করিম ভাই
A5: আদায় | B5: 46111 | C5: 2000 | D5: মাদরাসা ফান্ড

Sheet পরিশোধ
A1: তারিখ * | B1: সরবরাহকারী * | C1: টাকা * | D1: মন্তব্য | F1: সরবরাহকারী ড্রপডাউন = বকেয়া শীটের নাম তালিকা।
A2: 46115 | B2: রাজমিস্ত্রি করিম | C2: 5000 | D2: আংশিক পরিশোধ

Sheet বকেয়া
A1: সরবরাহকারী বকেয়া (লাইভ)
A2: এই টেবিলের «সরবরাহকারী» কলাম = মাস্টার তালিকা। এখানে নাম লিখলে ব্যয় ও পরিশোধ শীটের ড্রপডাউনে চলে আসবে। অবশিষ্ট = বাকি কেনা − পরিশোধ।
A5: মোট বাকি কেনা | B5: =SUMIF(ব্যয়!K:K,"বাকি",ব্যয়!H:H)
A6: মোট পরিশোধ | B6: =SUM(পরিশোধ!C:C)
A7: এখন মোট বাকি | B7: =B5-B6
A9: সরবরাহকারী | B9: বাকি কেনা | C9: পরিশোধ | D9: অবশিষ্ট বাকি | E9: বার
A10: রাজমিস্ত্রি করিম | B10: =IF(A10="","",SUMIFS(ব্যয়!$H$2:$H$500,ব্যয়!$I$2:$I$500,A10,ব্যয়!$K$2:$K$500,"বাকি")) | C10: =IF(A10="","",SUMIF(পরিশোধ!$B$2:$B$500,A10,পরিশোধ!$C$2:$C$500)) | D10: =IF(A10="","",B10-C10) | E10: =IF(A10="","",COUNTIFS(ব্যয়!$I$2:$I$500,A10,ব্যয়!$K$2:$K$500,"বাকি"))
A11: রহিম স্টোর | B11: =IF(A11="","",SUMIFS(ব্যয়!$H$2:$H$500,ব্যয়!$I$2:$I$500,A11,ব্যয়!$K$2:$K$500,"বাকি")) | C11: =IF(A11="","",SUMIF(পরিশোধ!$B$2:$B$500,A11,পরিশোধ!$C$2:$C$500)) | D11: =IF(A11="","",B11-C11) | E11: =IF(A11="","",COUNTIFS(ব্যয়!$I$2:$I$500,A11,ব্যয়!$K$2:$K$500,"বাকি"))
A12: বইঘর | B12: =IF(A12="","",SUMIFS(ব্যয়!$H$2:$H$500,ব্যয়!$I$2:$I$500,A12,ব্যয়!$K$2:$K$500,"বাকি")) | C12: =IF(A12="","",SUMIF(পরিশোধ!$B$2:$B$500,A12,পরিশোধ!$C$2:$C$500)) | D12: =IF(A12="","",B12-C12) | E12: =IF(A12="","",COUNTIFS(ব্যয়!$I$2:$I$500,A12,ব্যয়!$K$2:$K$500,"বাকি"))
A13: পল্লী বিদ্যুৎ | B13: =IF(A13="","",SUMIFS(ব্যয়!$H$2:$H$500,ব্যয়!$I$2:$I$500,A13,ব্যয়!$K$2:$K$500,"বাকি")) | C13: =IF(A13="","",SUMIF(পরিশোধ!$B$2:$B$500,A13,পরিশোধ!$C$2:$C$500)) | D13: =IF(A13="","",B13-C13) | E13: =IF(A13="","",COUNTIFS(ব্যয়!$I$2:$I$500,A13,ব্যয়!$K$2:$K$500,"বাকি"))
B14: =IF(A14="","",SUMIFS(ব্যয়!$H$2:$H$500,ব্যয়!$I$2:$I$500,A14,ব্যয়!$K$2:$K$500,"বাকি")) | C14: =IF(A14="","",SUMIF(পরিশোধ!$B$2:$B$500,A14,পরিশোধ!$C$2:$C$500)) | D14: =IF(A14="","",B14-C14) | E14: =IF(A14="","",COUNTIFS(ব্যয়!$I$2:$I$500,A14,ব্যয়!$K$2:$K$500,"বাকি"))
B15: =IF(A15="","",SUMIFS(ব্যয়!$H$2:$H$500,ব্যয়!$I$2:$I$500,A15,ব্যয়!$K$2:$K$500,"বাকি")) | C15: =IF(A15="","",SUMIF(পরিশোধ!$B$2:$B$500,A15,পরিশোধ!$C$2:$C$500)) | D15: =IF(A15="","",B15-C15) | E15: =IF(A15="","",COUNTIFS(ব্যয়!$I$2:$I$500,A15,ব্যয়!$K$2:$K$500,"বাকি"))
B16: =IF(A16="","",SUMIFS(ব্যয়!$H$2:$H$500,ব্যয়!$I$2:$I$500,A16,ব্যয়!$K$2:$K$500,"বাকি")) | C16: =IF(A16="","",SUMIF(পরিশোধ!$B$2:$B$500,A16,পরিশোধ!$C$2:$C$500)) | D16: =IF(A16="","",B16-C16) | E16: =IF(A16="","",COUNTIFS(ব্যয়!$I$2:$I$500,A16,ব্যয়!$K$2:$K$500,"বাকি"))
B17: =IF(A17="","",SUMIFS(ব্যয়!$H$2:$H$500,ব্যয়!$I$2:$I$500,A17,ব্যয়!$K$2:$K$500,"বাকি")) | C17: =IF(A17="","",SUMIF(পরিশোধ!$B$2:$B$500,A17,পরিশোধ!$C$2:$C$500)) | D17: =IF(A17="","",B17-C17) | E17: =IF(A17="","",COUNTIFS(ব্যয়!$I$2:$I$500,A17,ব্যয়!$K$2:$K$500,"বাকি"))
B18: =IF(A18="","",SUMIFS(ব্যয়!$H$2:$H$500,ব্যয়!$I$2:$I$500,A18,ব্যয়!$K$2:$K$500,"বাকি")) | C18: =IF(A18="","",SUMIF(পরিশোধ!$B$2:$B$500,A18,পরিশোধ!$C$2:$C$500)) | D18: =IF(A18="","",B18-C18) | E18: =IF(A18="","",COUNTIFS(ব্যয়!$I$2:$I$500,A18,ব্যয়!$K$2:$K$500,"বাকি"))
B19: =IF(A19="","",SUMIFS(ব্যয়!$H$2:$H$500,ব্যয়!$I$2:$I$500,A19,ব্যয়!$K$2:$K$500,"বাকি")) | C19: =IF(A19="","",SUMIF(পরিশোধ!$B$2:$B$500,A19,পরিশোধ!$C$2:$C$500)) | D19: =IF(A19="","",B19-C19) | E19: =IF(A19="","",COUNTIFS(ব্যয়!$I$2:$I$500,A19,ব্যয়!$K$2:$K$500,"বাকি"))
B20: =IF(A20="","",SUMIFS(ব্যয়!$H$2:$H$500,ব্যয়!$I$2:$I$500,A20,ব্যয়!$K$2:$K$500,"বাকি")) | C20: =IF(A20="","",SUMIF(পরিশোধ!$B$2:$B$500,A20,পরিশোধ!$C$2:$C$500)) | D20: =IF(A20="","",B20-C20) | E20: =IF(A20="","",COUNTIFS(ব্যয়!$I$2:$I$500,A20,ব্যয়!$K$2:$K$500,"বাকি"))
B21: =IF(A21="","",SUMIFS(ব্যয়!$H$2:$H$500,ব্যয়!$I$2:$I$500,A21,ব্যয়!$K$2:$K$500,"বাকি")) | C21: =IF(A21="","",SUMIF(পরিশোধ!$B$2:$B$500,A21,পরিশোধ!$C$2:$C$500)) | D21: =IF(A21="","",B21-C21) | E21: =IF(A21="","",COUNTIFS(ব্যয়!$I$2:$I$500,A21,ব্যয়!$K$2:$K$500,"বাকি"))
B22: =IF(A22="","",SUMIFS(ব্যয়!$H$2:$H$500,ব্যয়!$I$2:$I$500,A22,ব্যয়!$K$2:$K$500,"বাকি")) | C22: =IF(A22="","",SUMIF(পরিশোধ!$B$2:$B$500,A22,পরিশোধ!$C$2:$C$500)) | D22: =IF(A22="","",B22-C22) | E22: =IF(A22="","",COUNTIFS(ব্যয়!$I$2:$I$500,A22,ব্যয়!$K$2:$K$500,"বাকি"))
B23: =IF(A23="","",SUMIFS(ব্যয়!$H$2:$H$500,ব্যয়!$I$2:$I$500,A23,ব্যয়!$K$2:$K$500,"বাকি")) | C23: =IF(A23="","",SUMIF(পরিশোধ!$B$2:$B$500,A23,পরিশোধ!$C$2:$C$500)) | D23: =IF(A23="","",B23-C23) | E23: =IF(A23="","",COUNTIFS(ব্যয়!$I$2:$I$500,A23,ব্যয়!$K$2:$K$500,"বাকি"))
B24: =IF(A24="","",SUMIFS(ব্যয়!$H$2:$H$500,ব্যয়!$I$2:$I$500,A24,ব্যয়!$K$2:$K$500,"বাকি")) | C24: =IF(A24="","",SUMIF(পরিশোধ!$B$2:$B$500,A24,পরিশোধ!$C$2:$C$500)) | D24: =IF(A24="","",B24-C24) | E24: =IF(A24="","",COUNTIFS(ব্যয়!$I$2:$I$500,A24,ব্যয়!$K$2:$K$500,"বাকি"))
B25: =IF(A25="","",SUMIFS(ব্যয়!$H$2:$H$500,ব্যয়!$I$2:$I$500,A25,ব্যয়!$K$2:$K$500,"বাকি")) | C25: =IF(A25="","",SUMIF(পরিশোধ!$B$2:$B$500,A25,পরিশোধ!$C$2:$C$500)) | D25: =IF(A25="","",B25-C25) | E25: =IF(A25="","",COUNTIFS(ব্যয়!$I$2:$I$500,A25,ব্যয়!$K$2:$K$500,"বাকি"))
... B109: =IF(A109="","",SUMIFS(ব্যয়!$H$2:$H$500,ব্যয়!$I$2:$I$500,A109,ব্যয়!$K$2:$K$500,"বাকি")) | C109: =IF(A109="","",SUMIF(পরিশোধ!$B$2:$B$500,A109,পরিশোধ!$C$2:$C$500)) | D109: =IF(A109="","",B109-C109) | E109: =IF(A109="","",COUNTIFS(ব্যয়!$I$2:$I$500,A109,ব্যয়!$K$2:$K$500,"বাকি"))
A111: টিপ: নতুন সরবরাহকারী → এখানে নাম লিখুন → ব্যয়/পরিশোধে ড্রপডাউন থেকে বেছে নিন।

Sheet ড্যাশবোর্ড
A1: সামারি (লাইভ)
A2: বিবরণ | B2: টাকা | H2: মুহাররম | I2: 1
A3: মোট ব্যয় (সব বই) | B3: =SUM(ব্যয়!H:H) | H3: সফর | I3: 2
A4: মোট আয় | B4: =SUM(আয়!B:B) | H4: রবিউল আউয়াল | I4: 3
A5: করজ দেওয়া | B5: =SUMIF(করজ!A:A,"দেওয়া",করজ!C:C) | H5: রবিউস সানি | I5: 4
A6: করজ আদায় | B6: =SUMIF(করজ!A:A,"আদায়",করজ!C:C) | H6: জুমাদাল উলা | I6: 5
A7: করজ বাকি | B7: =B5-B6 | H7: জুমাদাল উখরা | I7: 6
A8: সরবরাহকারী বাকি | B8: =বকেয়া!B7 | H8: রজব | I8: 7
A9: নগদ (আনুমানিক) | B9: =B4-B3-B5+B6 | H9: শাবান | I9: 8
H10: রমজান | I10: 9
A11: বই অনুযায়ী ব্যয় | H11: শাওয়াল | I11: 10
A12: হিসাব বই | B12: মোট | H12: জিলকদ | I12: 11
A13: মাতবাখ | B13: =SUMIF(ব্যয়!A:A,A13,ব্যয়!H:H) | H13: জিলহজ | I13: 12
A14: মাদরাসা | B14: =SUMIF(ব্যয়!A:A,A14,ব্যয়!H:H)
A15: তামিরাত | B15: =SUMIF(ব্যয়!A:A,A15,ব্যয়!H:H)
A16: সাধারণ | B16: =SUMIF(ব্যয়!A:A,A16,ব্যয়!H:H)
A18: বকেয়া তালিকায় নাম লিখুন → ব্যয়/পরিশোধে ড্রপডাউন। পরিশোধ «পরিশোধ» শীটে।
A21: হিজরী বছর | B21: 1447 | C21: হিজরী মাস | D21: শাওয়াল | E21: =MATCH(D21,H2:H13,0)
A23: নির্বাচিত মাসে খাতভিত্তিক ব্যয়
A24: খাত | B24: মোট টাকা
A25: বড় বাজার | B25: =SUMIFS('ব্যয়'!$H$2:$H$5000,'ব্যয়'!$L$2:$L$5000,$B$21,'ব্যয়'!$M$2:$M$5000,$E$21,'ব্যয়'!$C$2:$C$5000,A25)
A26: কাঁচা বাজার | B26: =SUMIFS('ব্যয়'!$H$2:$H$5000,'ব্যয়'!$L$2:$L$5000,$B$21,'ব্যয়'!$M$2:$M$5000,$E$21,'ব্যয়'!$C$2:$C$5000,A26)
A27: দস্তরখান ভবন | B27: =SUMIFS('ব্যয়'!$H$2:$H$5000,'ব্যয়'!$L$2:$L$5000,$B$21,'ব্যয়'!$M$2:$M$5000,$E$21,'ব্যয়'!$C$2:$C$5000,A27)
A28: রান্নাঘর সরবরাহ | B28: =SUMIFS('ব্যয়'!$H$2:$H$5000,'ব্যয়'!$L$2:$L$5000,$B$21,'ব্যয়'!$M$2:$M$5000,$E$21,'ব্যয়'!$C$2:$C$5000,A28)
A29: বিদ্যুৎ | B29: =SUMIFS('ব্যয়'!$H$2:$H$5000,'ব্যয়'!$L$2:$L$5000,$B$21,'ব্যয়'!$M$2:$M$5000,$E$21,'ব্যয়'!$C$2:$C$5000,A29)
A30: গ্যাস/জ্বালানি | B30: =SUMIFS('ব্যয়'!$H$2:$H$5000,'ব্যয়'!$L$2:$L$5000,$B$21,'ব্যয়'!$M$2:$M$5000,$E$21,'ব্যয়'!$C$2:$C$5000,A30)
A31: শিক্ষা উপকরণ | B31: =SUMIFS('ব্যয়'!$H$2:$H$5000,'ব্যয়'!$L$2:$L$5000,$B$21,'ব্যয়'!$M$2:$M$5000,$E$21,'ব্যয়'!$C$2:$C$5000,A31)
A32: বেতন | B32: =SUMIFS('ব্যয়'!$H$2:$H$5000,'ব্যয়'!$L$2:$L$5000,$B$21,'ব্যয়'!$M$2:$M$5000,$E$21,'ব্যয়'!$C$2:$C$5000,A32)
A33: রক্ষণাবেক্ষণ | B33: =SUMIFS('ব্যয়'!$H$2:$H$5000,'ব্যয়'!$L$2:$L$5000,$B$21,'ব্যয়'!$M$2:$M$5000,$E$21,'ব্যয়'!$C$2:$C$5000,A33)
A34: পরিবহন | B34: =SUMIFS('ব্যয়'!$H$2:$H$5000,'ব্যয়'!$L$2:$L$5000,$B$21,'ব্যয়'!$M$2:$M$5000,$E$21,'ব্যয়'!$C$2:$C$5000,A34)
A35: চিকিৎসা | B35: =SUMIFS('ব্যয়'!$H$2:$H$5000,'ব্যয়'!$L$2:$L$5000,$B$21,'ব্যয়'!$M$2:$M$5000,$E$21,'ব্যয়'!$C$2:$C$5000,A35)
A36: অন্যান্য | B36: =SUMIFS('ব্যয়'!$H$2:$H$5000,'ব্যয়'!$L$2:$L$5000,$B$21,'ব্যয়'!$M$2:$M$5000,$E$21,'ব্যয়'!$C$2:$C$5000,A36)
... A39: মেরামত | B39: =SUMIFS('ব্যয়'!$H$2:$H$5000,'ব্যয়'!$L$2:$L$5000,$B$21,'ব্যয়'!$M$2:$M$5000,$E$21,'ব্যয়'!$C$2:$C$5000,A39)
A40: মোট | B40: =SUM(B25:B39)
A42: নতুন/নিজস্ব খাত হলে উপরের খাতের নাম বদলে লিখুন; হিসাব অটো আপডেট হবে।
