Workbook
Name SupplierList: 'বকেয়া'!$A$10:$A$109

Sheet নির্দেশনা
A1: দপ্তর হিসাব — স্ট্যান্ডার্ড Excel টেমপ্লেট | Z1: daftar-hisab-v3-20260723
A3: এই ফাইল কী | B3: দৈনন্দিন সব লেনদেন এখানে রাখুন। দিনশেষে অ্যাপে আপলোড করলে অ্যাপ লেটেস্ট দেখাবে।
A4: শীট | B4: ব্যয় · আয় · করজ · পরিশোধ · বকেয়া · ড্যাশবোর্ড। ব্যয়/আয়/করজ/পরিশোধ অ্যাপে যায়; বকেয়া ও ড্যাশবোর্ড হিসাব দেখায়।
A5: ব্যয় | B5: মাতবাখ/মাদরাসা/তামিরাত/সাধারণ। বাকি কেনাকাটায় পরিশোধ=বাকি + সরবরাহকারী নাম।
A6: মোট টাকা | B6: মোট টাকা নিজে লিখুন। পরিমাণ থাকলে একক মূল্য = মোট ÷ পরিমাণ হিসেবে অটো বসবে।
A7: বকেয়া | B7: এই শীটের «সরবরাহকারী» কলামে নাম লিখুন — ব্যয় ও পরিশোধ শীটের ড্রপডাউনে অটো আসবে। অবশিষ্ট = বাকি কেনা − পরিশোধ।
A8: পরিশোধ | B8: বকেয়া মেটানোর এন্ট্রি; সংশ্লিষ্ট হিসাব বিভাগ ও সরবরাহকারী বেছে নিন।
A9: আয় / করজ | B9: নিয়মিত আয় আলাদা; করজে দেওয়া/আদায় করজ শীটে।
A10: তারিখ | B10: ঘরটি আসল Excel Date; দেখা যাবে হিজরী সন-মাস-দিন। Date Filter/Sort কাজ করবে। নতুন তারিখ Excel date picker বা স্বীকৃত date entry দিয়ে দিন।
A11: অ্যাপে | B11: হিসাব → এক্সেল ↧ → এই ফাইল আপলোড। একই ফাইল আবার দিলে একই সারি আপডেট হবে; ডুপ্লিকেট হবে না।

Sheet ব্যয়
A1: হিসাব বিভাগ * | B1: তারিখ * | C1: খাত | D1: বিবরণ | E1: পরিমাণ | F1: মাপ | G1: একক মূল্য (অটো) | H1: মোট টাকা * | I1: সরবরাহকারী | J1: রশিদ নং | K1: পরিশোধ | L1: হিজরী বছর (অটো) | M1: হিজরী মাস নং (অটো) | O1: মোট টাকা ঘরে সরাসরি টাকা লিখুন। পরিমাণ থাকলে একক মূল্য = মোট টাকা ÷ পরিমাণ (অটো)। পরিমাণ না থাকলে একক মূল্য খালি থাকবে।
A2: মাতবাখ | B2: 46102 | C2: কাঁচামাল | D2: চাল | E2: 50 | F2: কেজি | G2: =IF(AND(E2<>"",E2<>0,H2<>""),H2/E2,"") | H2: 3500 | I2: রহিম স্টোর | J2: ১০১ | K2: নগদ | L2: =IF(B2="","",IFERROR(VALUE(TEXT(B2,"[$-1170401]yyyy")),"")) | M2: =IF(B2="","",IFERROR(VALUE(TEXT(B2,"[$-1170401]mm")),""))
A3: মাতবাখ | B3: 46103 | C3: কাঁচামাল | D3: ডাল | E3: 20 | F3: কেজি | G3: =IF(AND(E3<>"",E3<>0,H3<>""),H3/E3,"") | H3: 2400 | I3: রহিম স্টোর | K3: নগদ | L3: =IF(B3="","",IFERROR(VALUE(TEXT(B3,"[$-1170401]yyyy")),"")) | M3: =IF(B3="","",IFERROR(VALUE(TEXT(B3,"[$-1170401]mm")),""))
A4: মাদরাসা | B4: 46104 | C4: স্টেশনারি | D4: খাতা ও কলম | E4: 10 | F4: প্যাকেট | G4: =IF(AND(E4<>"",E4<>0,H4<>""),H4/E4,"") | H4: 800 | I4: বইঘর | K4: নগদ | L4: =IF(B4="","",IFERROR(VALUE(TEXT(B4,"[$-1170401]yyyy")),"")) | M4: =IF(B4="","",IFERROR(VALUE(TEXT(B4,"[$-1170401]mm")),""))
A5: তামিরাত | B5: 46090 | C5: মেরামত | D5: ছাদের প্লাস্টার | E5: 1 | F5: পিস | G5: =IF(AND(E5<>"",E5<>0,H5<>""),H5/E5,"") | H5: 15000 | I5: রাজমিস্ত্রি করিম | K5: বাকি | L5: =IF(B5="","",IFERROR(VALUE(TEXT(B5,"[$-1170401]yyyy")),"")) | M5: =IF(B5="","",IFERROR(VALUE(TEXT(B5,"[$-1170401]mm")),""))
A6: সাধারণ | B6: 46106 | C6: পরিবহন | D6: বাজার আনা-নেওয়া | G6: =IF(AND(E6<>"",E6<>0,H6<>""),H6/E6,"") | H6: 500 | K6: নগদ | L6: =IF(B6="","",IFERROR(VALUE(TEXT(B6,"[$-1170401]yyyy")),"")) | M6: =IF(B6="","",IFERROR(VALUE(TEXT(B6,"[$-1170401]mm")),""))
A7: মাদরাসা | B7: 46213 | C7: বিদ্যুৎ | D7: বিদ্যুৎ বিল | G7: =IF(AND(E7<>"",E7<>0,H7<>""),H7/E7,"") | H7: 4500 | I7: পল্লী বিদ্যুৎ | J7: বিল-৮৮ | K7: নগদ | L7: =IF(B7="","",IFERROR(VALUE(TEXT(B7,"[$-1170401]yyyy")),"")) | M7: =IF(B7="","",IFERROR(VALUE(TEXT(B7,"[$-1170401]mm")),""))
G8: =IF(AND(E8<>"",E8<>0,H8<>""),H8/E8,"") | L8: =IF(B8="","",IFERROR(VALUE(TEXT(B8,"[$-1170401]yyyy")),"")) | M8: =IF(B8="","",IFERROR(VALUE(TEXT(B8,"[$-1170401]mm")),""))
G9: =IF(AND(E9<>"",E9<>0,H9<>""),H9/E9,"") | L9: =IF(B9="","",IFERROR(VALUE(TEXT(B9,"[$-1170401]yyyy")),"")) | M9: =IF(B9="","",IFERROR(VALUE(TEXT(B9,"[$-1170401]mm")),""))
G10: =IF(AND(E10<>"",E10<>0,H10<>""),H10/E10,"") | L10: =IF(B10="","",IFERROR(VALUE(TEXT(B10,"[$-1170401]yyyy")),"")) | M10: =IF(B10="","",IFERROR(VALUE(TEXT(B10,"[$-1170401]mm")),""))
G11: =IF(AND(E11<>"",E11<>0,H11<>""),H11/E11,"") | L11: =IF(B11="","",IFERROR(VALUE(TEXT(B11,"[$-1170401]yyyy")),"")) | M11: =IF(B11="","",IFERROR(VALUE(TEXT(B11,"[$-1170401]mm")),""))
G12: =IF(AND(E12<>"",E12<>0,H12<>""),H12/E12,"") | L12: =IF(B12="","",IFERROR(VALUE(TEXT(B12,"[$-1170401]yyyy")),"")) | M12: =IF(B12="","",IFERROR(VALUE(TEXT(B12,"[$-1170401]mm")),""))
G13: =IF(AND(E13<>"",E13<>0,H13<>""),H13/E13,"") | L13: =IF(B13="","",IFERROR(VALUE(TEXT(B13,"[$-1170401]yyyy")),"")) | M13: =IF(B13="","",IFERROR(VALUE(TEXT(B13,"[$-1170401]mm")),""))
G14: =IF(AND(E14<>"",E14<>0,H14<>""),H14/E14,"") | L14: =IF(B14="","",IFERROR(VALUE(TEXT(B14,"[$-1170401]yyyy")),"")) | M14: =IF(B14="","",IFERROR(VALUE(TEXT(B14,"[$-1170401]mm")),""))
G15: =IF(AND(E15<>"",E15<>0,H15<>""),H15/E15,"") | L15: =IF(B15="","",IFERROR(VALUE(TEXT(B15,"[$-1170401]yyyy")),"")) | M15: =IF(B15="","",IFERROR(VALUE(TEXT(B15,"[$-1170401]mm")),""))
G16: =IF(AND(E16<>"",E16<>0,H16<>""),H16/E16,"") | L16: =IF(B16="","",IFERROR(VALUE(TEXT(B16,"[$-1170401]yyyy")),"")) | M16: =IF(B16="","",IFERROR(VALUE(TEXT(B16,"[$-1170401]mm")),""))
G17: =IF(AND(E17<>"",E17<>0,H17<>""),H17/E17,"") | L17: =IF(B17="","",IFERROR(VALUE(TEXT(B17,"[$-1170401]yyyy")),"")) | M17: =IF(B17="","",IFERROR(VALUE(TEXT(B17,"[$-1170401]mm")),""))
G18: =IF(AND(E18<>"",E18<>0,H18<>""),H18/E18,"") | L18: =IF(B18="","",IFERROR(VALUE(TEXT(B18,"[$-1170401]yyyy")),"")) | M18: =IF(B18="","",IFERROR(VALUE(TEXT(B18,"[$-1170401]mm")),""))
G19: =IF(AND(E19<>"",E19<>0,H19<>""),H19/E19,"") | L19: =IF(B19="","",IFERROR(VALUE(TEXT(B19,"[$-1170401]yyyy")),"")) | M19: =IF(B19="","",IFERROR(VALUE(TEXT(B19,"[$-1170401]mm")),""))
... G20000: =IF(AND(E20000<>"",E20000<>0,H20000<>""),H20000/E20000,"") | L20000: =IF(B20000="","",IFERROR(VALUE(TEXT(B20000,"[$-1170401]yyyy")),"")) | M20000: =IF(B20000="","",IFERROR(VALUE(TEXT(B20000,"[$-1170401]mm")),""))

Sheet আয়
A1: তারিখ * | B1: টাকা * | C1: উৎস / বিবরণ
A2: 46101 | B2: 50000 | C2: বিকাশ অনুদান
A3: 46105 | B3: 12000 | C3: ওয়াযিফা আদায় — শাওয়াল
A4: 46213 | B4: 3000 | C4: নগদ দান

Sheet করজ
A1: ধরন * | B1: তারিখ * | C1: টাকা * | D1: খাত * | E1: বিবরণ
A2: দেওয়া | B2: 46056 | C2: 20000 | D2: করিম ভাই | E2: করজে হাসানা
A3: দেওয়া | B3: 46071 | C3: 10000 | D3: মাদরাসা ফান্ড | E3: জরুরি করজ
A4: আদায় | B4: 46107 | C4: 5000 | D4: করিম ভাই
A5: আদায় | B5: 46111 | C5: 2000 | D5: মাদরাসা ফান্ড

Sheet পরিশোধ
A1: হিসাব বিভাগ * | B1: তারিখ * | C1: সরবরাহকারী * | D1: টাকা * | E1: রশিদ নং | F1: মন্তব্য | H1: বিভাগ ও সরবরাহকারী—দুটিই সংশ্লিষ্ট বকেয়া কেনার সঙ্গে মিলতে হবে।
A2: তামিরাত | B2: 46115 | C2: রাজমিস্ত্রি করিম | D2: 5000 | F2: আংশিক পরিশোধ

Sheet বকেয়া
A1: সরবরাহকারী বকেয়া (লাইভ)
A2: এই টেবিলের «সরবরাহকারী» কলাম = মাস্টার তালিকা। এখানে নাম লিখলে ব্যয় ও পরিশোধ শীটের ড্রপডাউনে চলে আসবে। অবশিষ্ট = বাকি কেনা − পরিশোধ।
A5: মোট বাকি কেনা | B5: =SUMIF(ব্যয়!K:K,"বাকি",ব্যয়!H:H)
A6: মোট পরিশোধ | B6: =SUM(পরিশোধ!D:D)
A7: এখন মোট বাকি | B7: =B5-B6
A9: সরবরাহকারী | B9: বাকি কেনা | C9: পরিশোধ | D9: অবশিষ্ট বাকি | E9: বার
A10: রাজমিস্ত্রি করিম | B10: =IF(A10="","",SUMIFS(ব্যয়!$H$2:$H$20000,ব্যয়!$I$2:$I$20000,A10,ব্যয়!$K$2:$K$20000,"বাকি")) | C10: =IF(A10="","",SUMIF(পরিশোধ!$C$2:$C$20000,A10,পরিশোধ!$D$2:$D$20000)) | D10: =IF(A10="","",B10-C10) | E10: =IF(A10="","",COUNTIFS(ব্যয়!$I$2:$I$20000,A10,ব্যয়!$K$2:$K$20000,"বাকি"))
A11: রহিম স্টোর | B11: =IF(A11="","",SUMIFS(ব্যয়!$H$2:$H$20000,ব্যয়!$I$2:$I$20000,A11,ব্যয়!$K$2:$K$20000,"বাকি")) | C11: =IF(A11="","",SUMIF(পরিশোধ!$C$2:$C$20000,A11,পরিশোধ!$D$2:$D$20000)) | D11: =IF(A11="","",B11-C11) | E11: =IF(A11="","",COUNTIFS(ব্যয়!$I$2:$I$20000,A11,ব্যয়!$K$2:$K$20000,"বাকি"))
A12: বইঘর | B12: =IF(A12="","",SUMIFS(ব্যয়!$H$2:$H$20000,ব্যয়!$I$2:$I$20000,A12,ব্যয়!$K$2:$K$20000,"বাকি")) | C12: =IF(A12="","",SUMIF(পরিশোধ!$C$2:$C$20000,A12,পরিশোধ!$D$2:$D$20000)) | D12: =IF(A12="","",B12-C12) | E12: =IF(A12="","",COUNTIFS(ব্যয়!$I$2:$I$20000,A12,ব্যয়!$K$2:$K$20000,"বাকি"))
A13: পল্লী বিদ্যুৎ | B13: =IF(A13="","",SUMIFS(ব্যয়!$H$2:$H$20000,ব্যয়!$I$2:$I$20000,A13,ব্যয়!$K$2:$K$20000,"বাকি")) | C13: =IF(A13="","",SUMIF(পরিশোধ!$C$2:$C$20000,A13,পরিশোধ!$D$2:$D$20000)) | D13: =IF(A13="","",B13-C13) | E13: =IF(A13="","",COUNTIFS(ব্যয়!$I$2:$I$20000,A13,ব্যয়!$K$2:$K$20000,"বাকি"))
B14: =IF(A14="","",SUMIFS(ব্যয়!$H$2:$H$20000,ব্যয়!$I$2:$I$20000,A14,ব্যয়!$K$2:$K$20000,"বাকি")) | C14: =IF(A14="","",SUMIF(পরিশোধ!$C$2:$C$20000,A14,পরিশোধ!$D$2:$D$20000)) | D14: =IF(A14="","",B14-C14) | E14: =IF(A14="","",COUNTIFS(ব্যয়!$I$2:$I$20000,A14,ব্যয়!$K$2:$K$20000,"বাকি"))
B15: =IF(A15="","",SUMIFS(ব্যয়!$H$2:$H$20000,ব্যয়!$I$2:$I$20000,A15,ব্যয়!$K$2:$K$20000,"বাকি")) | C15: =IF(A15="","",SUMIF(পরিশোধ!$C$2:$C$20000,A15,পরিশোধ!$D$2:$D$20000)) | D15: =IF(A15="","",B15-C15) | E15: =IF(A15="","",COUNTIFS(ব্যয়!$I$2:$I$20000,A15,ব্যয়!$K$2:$K$20000,"বাকি"))
B16: =IF(A16="","",SUMIFS(ব্যয়!$H$2:$H$20000,ব্যয়!$I$2:$I$20000,A16,ব্যয়!$K$2:$K$20000,"বাকি")) | C16: =IF(A16="","",SUMIF(পরিশোধ!$C$2:$C$20000,A16,পরিশোধ!$D$2:$D$20000)) | D16: =IF(A16="","",B16-C16) | E16: =IF(A16="","",COUNTIFS(ব্যয়!$I$2:$I$20000,A16,ব্যয়!$K$2:$K$20000,"বাকি"))
B17: =IF(A17="","",SUMIFS(ব্যয়!$H$2:$H$20000,ব্যয়!$I$2:$I$20000,A17,ব্যয়!$K$2:$K$20000,"বাকি")) | C17: =IF(A17="","",SUMIF(পরিশোধ!$C$2:$C$20000,A17,পরিশোধ!$D$2:$D$20000)) | D17: =IF(A17="","",B17-C17) | E17: =IF(A17="","",COUNTIFS(ব্যয়!$I$2:$I$20000,A17,ব্যয়!$K$2:$K$20000,"বাকি"))
B18: =IF(A18="","",SUMIFS(ব্যয়!$H$2:$H$20000,ব্যয়!$I$2:$I$20000,A18,ব্যয়!$K$2:$K$20000,"বাকি")) | C18: =IF(A18="","",SUMIF(পরিশোধ!$C$2:$C$20000,A18,পরিশোধ!$D$2:$D$20000)) | D18: =IF(A18="","",B18-C18) | E18: =IF(A18="","",COUNTIFS(ব্যয়!$I$2:$I$20000,A18,ব্যয়!$K$2:$K$20000,"বাকি"))
B19: =IF(A19="","",SUMIFS(ব্যয়!$H$2:$H$20000,ব্যয়!$I$2:$I$20000,A19,ব্যয়!$K$2:$K$20000,"বাকি")) | C19: =IF(A19="","",SUMIF(পরিশোধ!$C$2:$C$20000,A19,পরিশোধ!$D$2:$D$20000)) | D19: =IF(A19="","",B19-C19) | E19: =IF(A19="","",COUNTIFS(ব্যয়!$I$2:$I$20000,A19,ব্যয়!$K$2:$K$20000,"বাকি"))
B20: =IF(A20="","",SUMIFS(ব্যয়!$H$2:$H$20000,ব্যয়!$I$2:$I$20000,A20,ব্যয়!$K$2:$K$20000,"বাকি")) | C20: =IF(A20="","",SUMIF(পরিশোধ!$C$2:$C$20000,A20,পরিশোধ!$D$2:$D$20000)) | D20: =IF(A20="","",B20-C20) | E20: =IF(A20="","",COUNTIFS(ব্যয়!$I$2:$I$20000,A20,ব্যয়!$K$2:$K$20000,"বাকি"))
B21: =IF(A21="","",SUMIFS(ব্যয়!$H$2:$H$20000,ব্যয়!$I$2:$I$20000,A21,ব্যয়!$K$2:$K$20000,"বাকি")) | C21: =IF(A21="","",SUMIF(পরিশোধ!$C$2:$C$20000,A21,পরিশোধ!$D$2:$D$20000)) | D21: =IF(A21="","",B21-C21) | E21: =IF(A21="","",COUNTIFS(ব্যয়!$I$2:$I$20000,A21,ব্যয়!$K$2:$K$20000,"বাকি"))
B22: =IF(A22="","",SUMIFS(ব্যয়!$H$2:$H$20000,ব্যয়!$I$2:$I$20000,A22,ব্যয়!$K$2:$K$20000,"বাকি")) | C22: =IF(A22="","",SUMIF(পরিশোধ!$C$2:$C$20000,A22,পরিশোধ!$D$2:$D$20000)) | D22: =IF(A22="","",B22-C22) | E22: =IF(A22="","",COUNTIFS(ব্যয়!$I$2:$I$20000,A22,ব্যয়!$K$2:$K$20000,"বাকি"))
B23: =IF(A23="","",SUMIFS(ব্যয়!$H$2:$H$20000,ব্যয়!$I$2:$I$20000,A23,ব্যয়!$K$2:$K$20000,"বাকি")) | C23: =IF(A23="","",SUMIF(পরিশোধ!$C$2:$C$20000,A23,পরিশোধ!$D$2:$D$20000)) | D23: =IF(A23="","",B23-C23) | E23: =IF(A23="","",COUNTIFS(ব্যয়!$I$2:$I$20000,A23,ব্যয়!$K$2:$K$20000,"বাকি"))
B24: =IF(A24="","",SUMIFS(ব্যয়!$H$2:$H$20000,ব্যয়!$I$2:$I$20000,A24,ব্যয়!$K$2:$K$20000,"বাকি")) | C24: =IF(A24="","",SUMIF(পরিশোধ!$C$2:$C$20000,A24,পরিশোধ!$D$2:$D$20000)) | D24: =IF(A24="","",B24-C24) | E24: =IF(A24="","",COUNTIFS(ব্যয়!$I$2:$I$20000,A24,ব্যয়!$K$2:$K$20000,"বাকি"))
B25: =IF(A25="","",SUMIFS(ব্যয়!$H$2:$H$20000,ব্যয়!$I$2:$I$20000,A25,ব্যয়!$K$2:$K$20000,"বাকি")) | C25: =IF(A25="","",SUMIF(পরিশোধ!$C$2:$C$20000,A25,পরিশোধ!$D$2:$D$20000)) | D25: =IF(A25="","",B25-C25) | E25: =IF(A25="","",COUNTIFS(ব্যয়!$I$2:$I$20000,A25,ব্যয়!$K$2:$K$20000,"বাকি"))
... B109: =IF(A109="","",SUMIFS(ব্যয়!$H$2:$H$20000,ব্যয়!$I$2:$I$20000,A109,ব্যয়!$K$2:$K$20000,"বাকি")) | C109: =IF(A109="","",SUMIF(পরিশোধ!$C$2:$C$20000,A109,পরিশোধ!$D$2:$D$20000)) | D109: =IF(A109="","",B109-C109) | E109: =IF(A109="","",COUNTIFS(ব্যয়!$I$2:$I$20000,A109,ব্যয়!$K$2:$K$20000,"বাকি"))
A111: টিপ: নতুন সরবরাহকারী → এখানে নাম লিখুন → ব্যয়/পরিশোধে ড্রপডাউন থেকে বেছে নিন।

Sheet ড্যাশবোর্ড
A1: সামারি (লাইভ) | D1: ="শিক্ষাবর্ষ "&$B$21&"–"&($B$21+1)&" (শাওয়াল–রমজান) — মাসভিত্তিক বিভাগীয় ব্যয়"
A2: বিবরণ | B2: টাকা | D2: মাস | E2: মাতবাখ | F2: মাদরাসা | G2: তামিরাত | H2: সাধারণ | I2: মাসের মোট | K2: মুহাররম | L2: 1
A3: মোট ব্যয় (সব বিভাগ) | B3: =SUM(ব্যয়!H:H) | D3: ="শাওয়াল "&$B$21 | E3: =SUMIFS('ব্যয়'!$H$2:$H$20000,'ব্যয়'!$L$2:$L$20000,$B$21,'ব্যয়'!$M$2:$M$20000,10,'ব্যয়'!$A$2:$A$20000,"মাতবাখ") | F3: =SUMIFS('ব্যয়'!$H$2:$H$20000,'ব্যয়'!$L$2:$L$20000,$B$21,'ব্যয়'!$M$2:$M$20000,10,'ব্যয়'!$A$2:$A$20000,"মাদরাসা") | G3: =SUMIFS('ব্যয়'!$H$2:$H$20000,'ব্যয়'!$L$2:$L$20000,$B$21,'ব্যয়'!$M$2:$M$20000,10,'ব্যয়'!$A$2:$A$20000,"তামিরাত") | H3: =SUMIFS('ব্যয়'!$H$2:$H$20000,'ব্যয়'!$L$2:$L$20000,$B$21,'ব্যয়'!$M$2:$M$20000,10,'ব্যয়'!$A$2:$A$20000,"সাধারণ") | I3: =SUM(E3:H3) | K3: সফর | L3: 2
A4: মোট আয় | B4: =SUM(আয়!B:B) | D4: ="জিলকদ "&$B$21 | E4: =SUMIFS('ব্যয়'!$H$2:$H$20000,'ব্যয়'!$L$2:$L$20000,$B$21,'ব্যয়'!$M$2:$M$20000,11,'ব্যয়'!$A$2:$A$20000,"মাতবাখ") | F4: =SUMIFS('ব্যয়'!$H$2:$H$20000,'ব্যয়'!$L$2:$L$20000,$B$21,'ব্যয়'!$M$2:$M$20000,11,'ব্যয়'!$A$2:$A$20000,"মাদরাসা") | G4: =SUMIFS('ব্যয়'!$H$2:$H$20000,'ব্যয়'!$L$2:$L$20000,$B$21,'ব্যয়'!$M$2:$M$20000,11,'ব্যয়'!$A$2:$A$20000,"তামিরাত") | H4: =SUMIFS('ব্যয়'!$H$2:$H$20000,'ব্যয়'!$L$2:$L$20000,$B$21,'ব্যয়'!$M$2:$M$20000,11,'ব্যয়'!$A$2:$A$20000,"সাধারণ") | I4: =SUM(E4:H4) | K4: রবিউল আউয়াল | L4: 3
A5: করজ দেওয়া | B5: =SUMIF(করজ!A:A,"দেওয়া",করজ!C:C) | D5: ="জিলহজ "&$B$21 | E5: =SUMIFS('ব্যয়'!$H$2:$H$20000,'ব্যয়'!$L$2:$L$20000,$B$21,'ব্যয়'!$M$2:$M$20000,12,'ব্যয়'!$A$2:$A$20000,"মাতবাখ") | F5: =SUMIFS('ব্যয়'!$H$2:$H$20000,'ব্যয়'!$L$2:$L$20000,$B$21,'ব্যয়'!$M$2:$M$20000,12,'ব্যয়'!$A$2:$A$20000,"মাদরাসা") | G5: =SUMIFS('ব্যয়'!$H$2:$H$20000,'ব্যয়'!$L$2:$L$20000,$B$21,'ব্যয়'!$M$2:$M$20000,12,'ব্যয়'!$A$2:$A$20000,"তামিরাত") | H5: =SUMIFS('ব্যয়'!$H$2:$H$20000,'ব্যয়'!$L$2:$L$20000,$B$21,'ব্যয়'!$M$2:$M$20000,12,'ব্যয়'!$A$2:$A$20000,"সাধারণ") | I5: =SUM(E5:H5) | K5: রবিউস সানি | L5: 4
A6: করজ আদায় | B6: =SUMIF(করজ!A:A,"আদায়",করজ!C:C) | D6: ="মুহাররম "&($B$21+1) | E6: =SUMIFS('ব্যয়'!$H$2:$H$20000,'ব্যয়'!$L$2:$L$20000,($B$21+1),'ব্যয়'!$M$2:$M$20000,1,'ব্যয়'!$A$2:$A$20000,"মাতবাখ") | F6: =SUMIFS('ব্যয়'!$H$2:$H$20000,'ব্যয়'!$L$2:$L$20000,($B$21+1),'ব্যয়'!$M$2:$M$20000,1,'ব্যয়'!$A$2:$A$20000,"মাদরাসা") | G6: =SUMIFS('ব্যয়'!$H$2:$H$20000,'ব্যয়'!$L$2:$L$20000,($B$21+1),'ব্যয়'!$M$2:$M$20000,1,'ব্যয়'!$A$2:$A$20000,"তামিরাত") | H6: =SUMIFS('ব্যয়'!$H$2:$H$20000,'ব্যয়'!$L$2:$L$20000,($B$21+1),'ব্যয়'!$M$2:$M$20000,1,'ব্যয়'!$A$2:$A$20000,"সাধারণ") | I6: =SUM(E6:H6) | K6: জুমাদাল উলা | L6: 5
A7: করজ বাকি | B7: =B5-B6 | D7: ="সফর "&($B$21+1) | E7: =SUMIFS('ব্যয়'!$H$2:$H$20000,'ব্যয়'!$L$2:$L$20000,($B$21+1),'ব্যয়'!$M$2:$M$20000,2,'ব্যয়'!$A$2:$A$20000,"মাতবাখ") | F7: =SUMIFS('ব্যয়'!$H$2:$H$20000,'ব্যয়'!$L$2:$L$20000,($B$21+1),'ব্যয়'!$M$2:$M$20000,2,'ব্যয়'!$A$2:$A$20000,"মাদরাসা") | G7: =SUMIFS('ব্যয়'!$H$2:$H$20000,'ব্যয়'!$L$2:$L$20000,($B$21+1),'ব্যয়'!$M$2:$M$20000,2,'ব্যয়'!$A$2:$A$20000,"তামিরাত") | H7: =SUMIFS('ব্যয়'!$H$2:$H$20000,'ব্যয়'!$L$2:$L$20000,($B$21+1),'ব্যয়'!$M$2:$M$20000,2,'ব্যয়'!$A$2:$A$20000,"সাধারণ") | I7: =SUM(E7:H7) | K7: জুমাদাল উখরা | L7: 6
A8: সরবরাহকারী বাকি | B8: =বকেয়া!B7 | D8: ="রবিউল আউয়াল "&($B$21+1) | E8: =SUMIFS('ব্যয়'!$H$2:$H$20000,'ব্যয়'!$L$2:$L$20000,($B$21+1),'ব্যয়'!$M$2:$M$20000,3,'ব্যয়'!$A$2:$A$20000,"মাতবাখ") | F8: =SUMIFS('ব্যয়'!$H$2:$H$20000,'ব্যয়'!$L$2:$L$20000,($B$21+1),'ব্যয়'!$M$2:$M$20000,3,'ব্যয়'!$A$2:$A$20000,"মাদরাসা") | G8: =SUMIFS('ব্যয়'!$H$2:$H$20000,'ব্যয়'!$L$2:$L$20000,($B$21+1),'ব্যয়'!$M$2:$M$20000,3,'ব্যয়'!$A$2:$A$20000,"তামিরাত") | H8: =SUMIFS('ব্যয়'!$H$2:$H$20000,'ব্যয়'!$L$2:$L$20000,($B$21+1),'ব্যয়'!$M$2:$M$20000,3,'ব্যয়'!$A$2:$A$20000,"সাধারণ") | I8: =SUM(E8:H8) | K8: রজব | L8: 7
A9: নগদ (আনুমানিক) | B9: =B4-B3-B5+B6 | D9: ="রবিউস সানি "&($B$21+1) | E9: =SUMIFS('ব্যয়'!$H$2:$H$20000,'ব্যয়'!$L$2:$L$20000,($B$21+1),'ব্যয়'!$M$2:$M$20000,4,'ব্যয়'!$A$2:$A$20000,"মাতবাখ") | F9: =SUMIFS('ব্যয়'!$H$2:$H$20000,'ব্যয়'!$L$2:$L$20000,($B$21+1),'ব্যয়'!$M$2:$M$20000,4,'ব্যয়'!$A$2:$A$20000,"মাদরাসা") | G9: =SUMIFS('ব্যয়'!$H$2:$H$20000,'ব্যয়'!$L$2:$L$20000,($B$21+1),'ব্যয়'!$M$2:$M$20000,4,'ব্যয়'!$A$2:$A$20000,"তামিরাত") | H9: =SUMIFS('ব্যয়'!$H$2:$H$20000,'ব্যয়'!$L$2:$L$20000,($B$21+1),'ব্যয়'!$M$2:$M$20000,4,'ব্যয়'!$A$2:$A$20000,"সাধারণ") | I9: =SUM(E9:H9) | K9: শাবান | L9: 8
D10: ="জুমাদাল উলা "&($B$21+1) | E10: =SUMIFS('ব্যয়'!$H$2:$H$20000,'ব্যয়'!$L$2:$L$20000,($B$21+1),'ব্যয়'!$M$2:$M$20000,5,'ব্যয়'!$A$2:$A$20000,"মাতবাখ") | F10: =SUMIFS('ব্যয়'!$H$2:$H$20000,'ব্যয়'!$L$2:$L$20000,($B$21+1),'ব্যয়'!$M$2:$M$20000,5,'ব্যয়'!$A$2:$A$20000,"মাদরাসা") | G10: =SUMIFS('ব্যয়'!$H$2:$H$20000,'ব্যয়'!$L$2:$L$20000,($B$21+1),'ব্যয়'!$M$2:$M$20000,5,'ব্যয়'!$A$2:$A$20000,"তামিরাত") | H10: =SUMIFS('ব্যয়'!$H$2:$H$20000,'ব্যয়'!$L$2:$L$20000,($B$21+1),'ব্যয়'!$M$2:$M$20000,5,'ব্যয়'!$A$2:$A$20000,"সাধারণ") | I10: =SUM(E10:H10) | K10: রমজান | L10: 9
A11: বিভাগ অনুযায়ী ব্যয় | D11: ="জুমাদাল উখরা "&($B$21+1) | E11: =SUMIFS('ব্যয়'!$H$2:$H$20000,'ব্যয়'!$L$2:$L$20000,($B$21+1),'ব্যয়'!$M$2:$M$20000,6,'ব্যয়'!$A$2:$A$20000,"মাতবাখ") | F11: =SUMIFS('ব্যয়'!$H$2:$H$20000,'ব্যয়'!$L$2:$L$20000,($B$21+1),'ব্যয়'!$M$2:$M$20000,6,'ব্যয়'!$A$2:$A$20000,"মাদরাসা") | G11: =SUMIFS('ব্যয়'!$H$2:$H$20000,'ব্যয়'!$L$2:$L$20000,($B$21+1),'ব্যয়'!$M$2:$M$20000,6,'ব্যয়'!$A$2:$A$20000,"তামিরাত") | H11: =SUMIFS('ব্যয়'!$H$2:$H$20000,'ব্যয়'!$L$2:$L$20000,($B$21+1),'ব্যয়'!$M$2:$M$20000,6,'ব্যয়'!$A$2:$A$20000,"সাধারণ") | I11: =SUM(E11:H11) | K11: শাওয়াল | L11: 10
A12: হিসাব বিভাগ | B12: মোট | D12: ="রজব "&($B$21+1) | E12: =SUMIFS('ব্যয়'!$H$2:$H$20000,'ব্যয়'!$L$2:$L$20000,($B$21+1),'ব্যয়'!$M$2:$M$20000,7,'ব্যয়'!$A$2:$A$20000,"মাতবাখ") | F12: =SUMIFS('ব্যয়'!$H$2:$H$20000,'ব্যয়'!$L$2:$L$20000,($B$21+1),'ব্যয়'!$M$2:$M$20000,7,'ব্যয়'!$A$2:$A$20000,"মাদরাসা") | G12: =SUMIFS('ব্যয়'!$H$2:$H$20000,'ব্যয়'!$L$2:$L$20000,($B$21+1),'ব্যয়'!$M$2:$M$20000,7,'ব্যয়'!$A$2:$A$20000,"তামিরাত") | H12: =SUMIFS('ব্যয়'!$H$2:$H$20000,'ব্যয়'!$L$2:$L$20000,($B$21+1),'ব্যয়'!$M$2:$M$20000,7,'ব্যয়'!$A$2:$A$20000,"সাধারণ") | I12: =SUM(E12:H12) | K12: জিলকদ | L12: 11
A13: মাতবাখ | B13: =SUMIF(ব্যয়!A:A,A13,ব্যয়!H:H) | D13: ="শাবান "&($B$21+1) | E13: =SUMIFS('ব্যয়'!$H$2:$H$20000,'ব্যয়'!$L$2:$L$20000,($B$21+1),'ব্যয়'!$M$2:$M$20000,8,'ব্যয়'!$A$2:$A$20000,"মাতবাখ") | F13: =SUMIFS('ব্যয়'!$H$2:$H$20000,'ব্যয়'!$L$2:$L$20000,($B$21+1),'ব্যয়'!$M$2:$M$20000,8,'ব্যয়'!$A$2:$A$20000,"মাদরাসা") | G13: =SUMIFS('ব্যয়'!$H$2:$H$20000,'ব্যয়'!$L$2:$L$20000,($B$21+1),'ব্যয়'!$M$2:$M$20000,8,'ব্যয়'!$A$2:$A$20000,"তামিরাত") | H13: =SUMIFS('ব্যয়'!$H$2:$H$20000,'ব্যয়'!$L$2:$L$20000,($B$21+1),'ব্যয়'!$M$2:$M$20000,8,'ব্যয়'!$A$2:$A$20000,"সাধারণ") | I13: =SUM(E13:H13) | K13: জিলহজ | L13: 12
A14: মাদরাসা | B14: =SUMIF(ব্যয়!A:A,A14,ব্যয়!H:H) | D14: ="রমজান "&($B$21+1) | E14: =SUMIFS('ব্যয়'!$H$2:$H$20000,'ব্যয়'!$L$2:$L$20000,($B$21+1),'ব্যয়'!$M$2:$M$20000,9,'ব্যয়'!$A$2:$A$20000,"মাতবাখ") | F14: =SUMIFS('ব্যয়'!$H$2:$H$20000,'ব্যয়'!$L$2:$L$20000,($B$21+1),'ব্যয়'!$M$2:$M$20000,9,'ব্যয়'!$A$2:$A$20000,"মাদরাসা") | G14: =SUMIFS('ব্যয়'!$H$2:$H$20000,'ব্যয়'!$L$2:$L$20000,($B$21+1),'ব্যয়'!$M$2:$M$20000,9,'ব্যয়'!$A$2:$A$20000,"তামিরাত") | H14: =SUMIFS('ব্যয়'!$H$2:$H$20000,'ব্যয়'!$L$2:$L$20000,($B$21+1),'ব্যয়'!$M$2:$M$20000,9,'ব্যয়'!$A$2:$A$20000,"সাধারণ") | I14: =SUM(E14:H14)
A15: তামিরাত | B15: =SUMIF(ব্যয়!A:A,A15,ব্যয়!H:H) | D15: শিক্ষাবর্ষের মোট | E15: =SUM(E3:E14) | F15: =SUM(F3:F14) | G15: =SUM(G3:G14) | H15: =SUM(H3:H14) | I15: =SUM(I3:I14)
A16: সাধারণ | B16: =SUMIF(ব্যয়!A:A,A16,ব্যয়!H:H)
A18: বকেয়া তালিকায় নাম লিখুন → ব্যয়/পরিশোধে ড্রপডাউন। পরিশোধ «পরিশোধ» শীটে।
A21: শিক্ষাবর্ষ শুরু (হিজরী) | B21: 1447 | C21: হিজরী মাস | D21: শাওয়াল | J21: =MATCH(D21,K2:K13,0)
A23: নির্বাচিত মাসে খাতভিত্তিক ব্যয়
A24: খাত | B24: মোট টাকা
A25: বড় বাজার | B25: =SUMIFS('ব্যয়'!$H$2:$H$20000,'ব্যয়'!$L$2:$L$20000,IF($J$21>=10,$B$21,$B$21+1),'ব্যয়'!$M$2:$M$20000,$J$21,'ব্যয়'!$C$2:$C$20000,A25)
A26: কাঁচা বাজার | B26: =SUMIFS('ব্যয়'!$H$2:$H$20000,'ব্যয়'!$L$2:$L$20000,IF($J$21>=10,$B$21,$B$21+1),'ব্যয়'!$M$2:$M$20000,$J$21,'ব্যয়'!$C$2:$C$20000,A26)
A27: দস্তরখান ভবন | B27: =SUMIFS('ব্যয়'!$H$2:$H$20000,'ব্যয়'!$L$2:$L$20000,IF($J$21>=10,$B$21,$B$21+1),'ব্যয়'!$M$2:$M$20000,$J$21,'ব্যয়'!$C$2:$C$20000,A27)
A28: রান্নাঘর সরবরাহ | B28: =SUMIFS('ব্যয়'!$H$2:$H$20000,'ব্যয়'!$L$2:$L$20000,IF($J$21>=10,$B$21,$B$21+1),'ব্যয়'!$M$2:$M$20000,$J$21,'ব্যয়'!$C$2:$C$20000,A28)
A29: বিদ্যুৎ | B29: =SUMIFS('ব্যয়'!$H$2:$H$20000,'ব্যয়'!$L$2:$L$20000,IF($J$21>=10,$B$21,$B$21+1),'ব্যয়'!$M$2:$M$20000,$J$21,'ব্যয়'!$C$2:$C$20000,A29)
A30: গ্যাস/জ্বালানি | B30: =SUMIFS('ব্যয়'!$H$2:$H$20000,'ব্যয়'!$L$2:$L$20000,IF($J$21>=10,$B$21,$B$21+1),'ব্যয়'!$M$2:$M$20000,$J$21,'ব্যয়'!$C$2:$C$20000,A30)
A31: শিক্ষা উপকরণ | B31: =SUMIFS('ব্যয়'!$H$2:$H$20000,'ব্যয়'!$L$2:$L$20000,IF($J$21>=10,$B$21,$B$21+1),'ব্যয়'!$M$2:$M$20000,$J$21,'ব্যয়'!$C$2:$C$20000,A31)
A32: বেতন | B32: =SUMIFS('ব্যয়'!$H$2:$H$20000,'ব্যয়'!$L$2:$L$20000,IF($J$21>=10,$B$21,$B$21+1),'ব্যয়'!$M$2:$M$20000,$J$21,'ব্যয়'!$C$2:$C$20000,A32)
A33: রক্ষণাবেক্ষণ | B33: =SUMIFS('ব্যয়'!$H$2:$H$20000,'ব্যয়'!$L$2:$L$20000,IF($J$21>=10,$B$21,$B$21+1),'ব্যয়'!$M$2:$M$20000,$J$21,'ব্যয়'!$C$2:$C$20000,A33)
A34: পরিবহন | B34: =SUMIFS('ব্যয়'!$H$2:$H$20000,'ব্যয়'!$L$2:$L$20000,IF($J$21>=10,$B$21,$B$21+1),'ব্যয়'!$M$2:$M$20000,$J$21,'ব্যয়'!$C$2:$C$20000,A34)
A35: চিকিৎসা | B35: =SUMIFS('ব্যয়'!$H$2:$H$20000,'ব্যয়'!$L$2:$L$20000,IF($J$21>=10,$B$21,$B$21+1),'ব্যয়'!$M$2:$M$20000,$J$21,'ব্যয়'!$C$2:$C$20000,A35)
A36: অন্যান্য | B36: =SUMIFS('ব্যয়'!$H$2:$H$20000,'ব্যয়'!$L$2:$L$20000,IF($J$21>=10,$B$21,$B$21+1),'ব্যয়'!$M$2:$M$20000,$J$21,'ব্যয়'!$C$2:$C$20000,A36)
... A39: মেরামত | B39: =SUMIFS('ব্যয়'!$H$2:$H$20000,'ব্যয়'!$L$2:$L$20000,IF($J$21>=10,$B$21,$B$21+1),'ব্যয়'!$M$2:$M$20000,$J$21,'ব্যয়'!$C$2:$C$20000,A39)
A40: মোট | B40: =SUM(B25:B39)
A42: নতুন/নিজস্ব খাত হলে উপরের খাতের নাম বদলে লিখুন; হিসাব অটো আপডেট হবে।
